{
  "experiment_summary": {
    "total_epochs": 5,
    "final_thought_performance": {
      "loss": 7.091993269920349,
      "accuracy": 0.5018612599372864,
      "perplexity": 1202.3019260133858
    },
    "final_baseline_performance": {
      "loss": 7.087978649139404,
      "accuracy": 0.5009040623903275,
      "perplexity": 1197.484815621835
    },
    "overall_improvements": {
      "loss_improvement": -0.05663985431773347,
      "accuracy_improvement": 0.1910939876173325,
      "perplexity_improvement": -0.40226901658451436
    }
  },
  "performance_comparison": {
    "loss_trends": {
      "thought_trend": {
        "slope": -0.6218538999557506,
        "r_squared": 0.9245978527294053,
        "direction": "declining",
        "strength": "strong"
      },
      "baseline_trend": {
        "slope": -0.6182633528709415,
        "r_squared": 0.9292306778860683,
        "direction": "declining",
        "strength": "strong"
      },
      "convergence_analysis": {
        "final_difference": -0.004014620780944611,
        "trend_in_difference": {
          "slope": 0.003590547084808638,
          "r_squared": 0.07300284030732362,
          "direction": "improving",
          "strength": "strong"
        },
        "converging": false,
        "diverging": true
      }
    },
    "accuracy_trends": {
      "thought_trend": {
        "slope": 0.054962754189968106,
        "r_squared": 0.8786676383218766,
        "direction": "improving",
        "strength": "strong"
      },
      "baseline_trend": {
        "slope": 0.05317005011439321,
        "r_squared": 0.8991535531030782,
        "direction": "improving",
        "strength": "strong"
      },
      "convergence_analysis": {
        "final_difference": 0.0009571975469588878,
        "trend_in_difference": {
          "slope": 0.0017927040755748697,
          "r_squared": 0.30494453488084533,
          "direction": "improving",
          "strength": "strong"
        },
        "converging": false,
        "diverging": true
      }
    }
  },
  "dream_specific_analysis": {
    "effectiveness_comparison": {
      "masked_accuracy_improvement": 0.0009571975469588878,
      "unmasked_accuracy_improvement": 0.004243074357509591,
      "dream_specificity": -0.003285876810550703,
      "overall_dream_benefit": 0.0026001359522342393,
      "bidirectional_improvement": -0.005824312413955868,
      "interpretation": "Thoughts provide moderate DREAM improvements",
      "recommendation": "Optimize thought system for better masked token performance"
    },
    "temporal_analysis": {
      "masked_accuracy_trends": {
        "thought_trend": {
          "slope": 0.054962754189968106,
          "r_squared": 0.8786676383218766,
          "direction": "improving",
          "strength": "strong"
        },
        "baseline_trend": {
          "slope": 0.05317005011439321,
          "r_squared": 0.8991535531030782,
          "direction": "improving",
          "strength": "strong"
        },
        "final_difference": 0.0009571975469588878
      },
      "unmasked_accuracy_trends": {
        "thought_trend": {
          "slope": 0.0565438653826713,
          "r_squared": 0.8820953204958865,
          "direction": "improving",
          "strength": "strong"
        },
        "baseline_trend": {
          "slope": 0.05341539153456686,
          "r_squared": 0.9021367592629242,
          "direction": "improving",
          "strength": "strong"
        },
        "final_difference": 0.004243074357509591
      },
      "bidirectional_effectiveness": {
        "thought_final": 0.9967709641948121,
        "baseline_final": 1.002595276608768,
        "improvement": -0.005824312413955868
      }
    }
  },
  "thought_evolution_analysis": {
    "available_metrics": {}
  },
  "statistical_significance": {
    "loss_improvement": {
      "t_statistic": 1.024661025290812,
      "p_value": 0.3634434806200853,
      "significant": false,
      "mean_improvement": 0.00962844085693355
    },
    "accuracy_improvement": {
      "t_statistic": 0.21402034629924446,
      "p_value": 0.8409982868237968,
      "significant": false,
      "mean_improvement": 0.0004912903606891672
    },
    "masked_accuracy_improvement": {
      "t_statistic": 0.21402034629924446,
      "p_value": 0.8409982868237968,
      "significant": false,
      "mean_improvement": 0.0004912903606891672
    }
  },
  "recommendations": {
    "overall_assessment": "Inconclusive results - further investigation needed",
    "specific_recommendations": [
      "Run longer training to see if benefits emerge",
      "Try different datasets or tasks",
      "Analyze thought utilization patterns",
      "Moderate DREAM benefits - optimize for better masked prediction"
    ],
    "next_steps": [
      "Run statistical significance tests with more epochs",
      "Analyze thought activation patterns for insights",
      "Test on different datasets or tasks",
      "Experiment with thought system variants"
    ]
  }
}