{
  "basic_tests": {
    "paired_tests": {
      "loss": {
        "paired_t_test": {
          "t_statistic": -1.024661025290812,
          "p_value": 0.3634434806200853,
          "significant_05": false,
          "significant_01": false
        },
        "wilcoxon_test": {
          "statistic": 6.0,
          "p_value": 0.6875,
          "significant_05": false
        },
        "mean_improvement": -0.00962844085693355,
        "interpretation": "not significant regression (p=0.3634)"
      },
      "accuracy": {
        "paired_t_test": {
          "t_statistic": 0.21402034629924446,
          "p_value": 0.8409982868237968,
          "significant_05": false,
          "significant_01": false
        },
        "wilcoxon_test": {
          "statistic": 10.0,
          "p_value": 0.3125,
          "significant_05": false
        },
        "mean_improvement": 0.0004912903606891672,
        "interpretation": "not significant improvement (p=0.8410)"
      },
      "perplexity": {
        "paired_t_test": {
          "t_statistic": -0.48579005281829835,
          "p_value": 0.6525266731407904,
          "significant_05": false,
          "significant_01": false
        },
        "wilcoxon_test": {
          "statistic": 7.0,
          "p_value": 0.59375,
          "significant_05": false
        },
        "mean_improvement": -11.404801839169068,
        "interpretation": "not significant regression (p=0.6525)"
      }
    },
    "final_epoch_tests": {
      "loss_final": {
        "value1": 7.087978649139404,
        "value2": 7.091993269920349,
        "improvement": 0.004014620780944611,
        "value1_better": true,
        "interpretation": "improvement"
      },
      "accuracy_final": {
        "value1": 0.5018612599372864,
        "value2": 0.5009040623903275,
        "improvement": 0.0009571975469588878,
        "value1_better": true,
        "interpretation": "improvement"
      },
      "perplexity_final": {
        "value1": 1197.484815621835,
        "value2": 1202.3019260133858,
        "improvement": 4.817110391550841,
        "value1_better": true,
        "interpretation": "improvement"
      }
    },
    "trend_analysis": {
      "thought_loss_trend": {
        "slope": -0.6218538999557498,
        "intercept": 9.27536432170868,
        "r_value": -0.9615601139447316,
        "r_squared": 0.9245978527294053,
        "p_value": 0.008994704565471476,
        "std_err": 0.10252815719505544,
        "significant_trend": true,
        "direction": "declining",
        "strength": "strong"
      },
      "baseline_loss_trend": {
        "slope": -0.6182633528709411,
        "intercept": 9.277811668395996,
        "r_value": -0.9639661186401046,
        "r_squared": 0.9292306778860683,
        "p_value": 0.008166557279233742,
        "std_err": 0.09850848173760895,
        "significant_trend": true,
        "direction": "declining",
        "strength": "strong"
      },
      "thought_accuracy_trend": {
        "slope": 0.05496275418996811,
        "intercept": 0.3126397190690041,
        "r_value": 0.9373727317998304,
        "r_squared": 0.8786676383218768,
        "p_value": 0.01863616981731653,
        "std_err": 0.011791902227125204,
        "significant_trend": true,
        "direction": "improving",
        "strength": "strong"
      },
      "baseline_accuracy_trend": {
        "slope": 0.05317005011439324,
        "intercept": 0.31573383685946466,
        "r_value": 0.9482370764229154,
        "r_squared": 0.899153553103078,
        "p_value": 0.014026876537279482,
        "std_err": 0.01028063192774005,
        "significant_trend": true,
        "direction": "improving",
        "strength": "strong"
      }
    }
  },
  "dream_specific_tests": {
    "paired_dream_tests": {
      "masked_accuracy": {
        "paired_t_test": {
          "t_statistic": 0.21402034629924446,
          "p_value": 0.8409982868237968,
          "significant_05": false,
          "significant_01": false
        },
        "wilcoxon_test": {
          "statistic": 10.0,
          "p_value": 0.3125,
          "significant_05": false
        },
        "mean_improvement": 0.0004912903606891672,
        "interpretation": "not significant improvement (p=0.8410)"
      },
      "unmasked_accuracy": {
        "paired_t_test": {
          "t_statistic": -0.07694333805890875,
          "p_value": 0.9423635619395616,
          "significant_05": false,
          "significant_01": false
        },
        "wilcoxon_test": {
          "statistic": 9.0,
          "p_value": 0.40625,
          "significant_05": false
        },
        "mean_improvement": -0.00029218599200249163,
        "interpretation": "not significant regression (p=0.9424)"
      },
      "bidirectional_effectiveness": {
        "paired_t_test": {
          "t_statistic": -0.8172737342456624,
          "p_value": 0.45965442613737256,
          "significant_05": false,
          "significant_01": false
        },
        "wilcoxon_test": {
          "statistic": 3.0,
          "p_value": 0.90625,
          "significant_05": false
        },
        "mean_improvement": -0.004546953696277667,
        "interpretation": "not significant regression (p=0.4597)"
      }
    },
    "dream_specificity": {
      "paired_t_test": {
        "t_statistic": 0.3724140379404221,
        "p_value": 0.7284766352057677,
        "significant_05": false,
        "significant_01": false
      },
      "wilcoxon_test": {
        "statistic": 10.0,
        "p_value": 0.3125,
        "significant_05": false
      },
      "mean_improvement": 0.0007834763526916588,
      "interpretation": "No significant difference in benefit between masked and unmasked tokens"
    },
    "progressive_improvement": {
      "masked_improvement_trend": {
        "slope": 0.0017927040755748693,
        "intercept": -0.0030941177904605715,
        "r_value": 0.5522178328167657,
        "r_squared": 0.30494453488084544,
        "p_value": 0.3344738298676149,
        "std_err": 0.0015625980660230474,
        "significant_trend": false,
        "direction": "improving",
        "strength": "moderate"
      },
      "unmasked_improvement_trend": {
        "slope": 0.003128473848104474,
        "intercept": -0.00654913368821144,
        "r_value": 0.5825445767228603,
        "r_squared": 0.33935818386921646,
        "p_value": 0.30268022975519426,
        "std_err": 0.00252014638431527,
        "significant_trend": false,
        "direction": "improving",
        "strength": "moderate"
      },
      "interpretation": "No significant trends in DREAM benefit progression"
    }
  },
  "effect_size_analysis": {
    "loss": {
      "cohens_d": 0.009455111900879287,
      "interpretation": "negligible",
      "mean_difference": 0.009628440856932485,
      "pooled_std": 1.018331772047783
    },
    "accuracy": {
      "cohens_d": 0.005416245878846366,
      "interpretation": "negligible",
      "mean_difference": 0.0004912903606891783,
      "pooled_std": 0.09070680535533973
    },
    "perplexity": {
      "cohens_d": 0.0020433917450352,
      "interpretation": "negligible",
      "mean_difference": 11.404801839169522,
      "pooled_std": 5581.309539338019
    },
    "dream_masked_accuracy": {
      "cohens_d": 0.005416245878846366,
      "interpretation": "negligible",
      "mean_difference": 0.0004912903606891783,
      "pooled_std": 0.09070680535533973
    },
    "dream_unmasked_accuracy": {
      "cohens_d": -0.003172170504902224,
      "interpretation": "negligible",
      "mean_difference": -0.0002921859920024805,
      "pooled_std": 0.09210916990462548
    },
    "dream_bidirectional_effectiveness": {
      "cohens_d": -0.46395883896442575,
      "interpretation": "small",
      "mean_difference": -0.004546953696277666,
      "pooled_std": 0.009800338552503158
    }
  },
  "confidence_intervals": {
    "loss_improvement": {
      "mean": 0.00962844085693355,
      "std_error": 0.00939670839358887,
      "confidence_level": 0.95,